fecha;stock;1D_direccion;1D_bollingerPos;1D_tipo;1H_direccion;1H_bollingerPos;1H_tipo;color;gap;15M_min;15M_c;15M_max;60M_min;60M_c;60M_max;mediodia;1D_min;1D_c;1D_max;1D-15M_min;1D-15M_c;1D-15M_max
01/02/2018;BABA;-1;;A;-1;;A;rojo;-2.71;-0.35;0.32;0.52;-0.35;0.32;1.63;0.47;-0.38;-0.18;1.68;-0.66;-0.50;1.34
01/02/2018;MSFT;-1;;A;-1;;A;rojo;-0.32;-0.47;-0.11;0.86;-0.47;0.38;0.86;0.79;-1.02;-0.48;1.05;-0.91;-0.35;1.16
01/02/2018;PYPL;-1;;A;-1;;A;rojo;-3.71;-1.66;-1.44;0.00;-2.28;-1.23;0.00;0.28;-2.28;-1.13;0.68;-0.87;0.30;2.14
01/02/2018;C;-2;;P;-2;;P;rojo;-0.19;-0.09;-0.07;0.31;-0.09;0.23;0.32;0.70;-0.10;0.80;0.82;0.00;0.91;0.93
01/02/2018;JD;-1;;A;-1;;A;rojo;-1.53;-0.97;0.87;0.87;-0.97;1.11;1.29;1.19;-0.97;0.43;1.60;-0.55;-0.42;0.71
02/02/2018;FB;0;;P;2;;P;verde;-0.36;0.00;0.20;0.75;-0.61;0.05;0.75;0.22;-0.73;-0.66;0.75;-0.91;-0.82;0.36
02/02/2018;PYPL;1;;A;0;;A;verde;-0.22;-0.16;0.04;0.31;-0.99;-0.76;0.31;0.66;-1.33;-1.15;1.11;-1.28;-1.10;1.16
02/02/2018;QQQ;-1;;P;-1;;N;rojo;-0.43;-0.17;-0.09;0.23;-1.26;-0.53;0.23;-0.69;-1.92;-1.90;0.23;-1.82;-1.80;0.11
02/02/2018;AAPL;-1;;P;-1;;A;rojo;;-0.94;-0.94;0.12;-1.43;-1.14;0.12;-1.67;-2.55;-2.45;0.12;-1.64;-1.52;0.13
02/02/2018;MU;-1;;P;0;;N;rojo;-0.38;-0.32;-0.22;0.14;-1.27;-0.89;0.14;-0.39;-1.27;-1.11;0.14;-1.06;-0.90;0.10
05/02/2018;SQ;-1;;P;0;;N;rojo;-1.28;-1.52;0.27;0.37;-1.52;1.49;1.82;0.96;-1.52;-0.80;1.82;-1.40;-1.00;1.61
05/02/2018;QQQ;1;;A;0;;A;verde;;-0.42;0.00;0.32;-0.42;1.65;1.81;0.13;-3.53;-3.49;1.82;-3.53;-3.49;1.82
05/02/2018;AAPL;2;;A;0;;A;verde;-0.56;-0.45;0.56;0.77;-0.45;1.89;2.03;0.83;-1.29;-1.06;2.03;-1.78;-1.54;1.52
06/02/2018;PYPL;-2;;P;-1;;P;rojo;-1.55;-0.47;1.39;1.71;-0.47;1.37;1.71;2.33;-0.47;2.22;2.90;-0.98;0.82;1.47
07/02/2018;BABA;1;;N;1;;N;verde;-0.48;-0.13;0.31;0.41;-0.13;0.15;0.56;-0.12;-0.67;-0.67;0.85;-0.97;-0.97;0.56
07/02/2018;NVDA;1;;N;1;;N;verde;0.67;-0.40;-0.23;0.09;-0.46;0.05;0.52;-0.31;-0.46;-0.12;0.93;-0.23;0.09;1.16
07/02/2018;MSFT;1;;P;2;;P;verde;;-0.42;-0.24;0.45;-0.45;0.31;0.60;-0.60;-1.02;-0.73;1.23;-0.81;-0.49;1.50
07/02/2018;C;1;;N;1;;N;verde;0.00;-0.32;0.17;0.50;-0.32;0.79;1.09;0.53;-0.32;0.20;1.18;-0.15;-0.02;0.95
07/02/2018;GILD;1;;N;2;;P;verde;-0.53;-0.07;1.03;2.53;-0.07;2.61;3.33;1.39;-0.07;2.36;3.46;0.00;1.26;2.34
07/02/2018;QQQ;1;;N;2;;P;verde;-0.39;-0.36;-0.06;0.36;-0.36;0.24;0.76;-0.82;-1.13;-1.13;1.24;-1.18;-1.18;1.18
08/02/2018;NVDA;1;;A;1;;N;verde;0.87;-0.47;-0.47;0.23;-0.51;-0.46;0.23;-1.87;-2.63;-2.53;0.23;-2.17;-2.09;0.42
08/02/2018;BABA;0;;N;-2;;P;rojo;;-0.62;-0.62;0.25;-0.90;-0.90;0.25;-2.39;-2.75;-2.47;0.25;-2.14;-1.85;0.27
08/02/2018;PYPL;-1;;P;-1;;N;rojo;;-0.29;-0.28;0.25;-0.43;-0.28;0.25;-1.17;-2.50;-2.50;0.25;-2.20;-2.20;0.48
08/02/2018;GILD;-2;;A;-2;;A;rojo;-0.31;-0.84;-0.45;0.09;-0.93;-0.11;0.21;-1.46;-2.86;-2.83;0.21;-2.21;-2.15;0.90
08/02/2018;TWTR;-1;;A;-2;;A;rojo;9.53;-1.85;-1.40;0.95;-2.20;-1.37;0.95;-3.00;-4.57;-4.10;0.95;-3.28;-2.76;1.04
08/02/2018;QQQ;-1;;N;-1;;N;rojo;;-0.70;-0.70;0.06;-0.99;-0.90;0.06;-2.81;-5.14;-5.14;0.06;-4.45;-4.45;0.50
09/02/2018;NVDA;-1;;P;-3;;P;rojo;3.34;-1.81;-0.99;0.04;-1.81;-1.03;0.04;-2.35;-3.23;-0.99;0.04;-2.31;0.01;0.66
09/02/2018;MSFT;1;;A;1;;A;rojo;1.27;-0.22;0.27;0.44;-0.22;0.45;0.91;-1.65;-2.31;1.73;2.42;-2.56;1.42;2.13
09/02/2018;GILD;-1;;P;-1;;P;rojo;0.38;-0.38;-0.18;0.14;-0.46;-0.17;0.28;-1.64;-1.83;0.35;0.80;-1.66;0.50;0.94
12/02/2018;FB;2;;P;0;;N;verde;0.39;-0.67;-0.50;0.07;-1.85;-1.68;0.07;-0.55;-2.00;-0.26;0.17;-1.53;0.22;0.64
12/02/2018;MSFT;1;;P;0;;N;verde;;-0.28;0.40;0.42;-0.63;-0.41;0.60;0.30;-0.65;0.49;1.05;-1.01;0.11;0.66
12/02/2018;C;2;;P;1;;N;verde;0.71;0.00;0.69;0.73;-0.42;-0.23;0.81;0.60;-0.43;0.24;0.92;-1.12;-0.46;0.22
13/02/2018;FB;2;;P;1;;N;verde;-0.54;-0.20;-0.14;0.36;-0.35;-0.13;0.36;-0.30;-0.73;-0.73;0.36;-0.59;-0.59;0.24
13/02/2018;BABA;1;;P;2;;P;verde;0.00;-0.08;0.48;0.75;-0.08;1.19;1.21;0.67;-0.08;0.49;1.28;-0.18;0.00;0.77
13/02/2018;SQ;1;;P;1;;A;verde;;0.00;0.50;0.67;0.00;1.14;1.43;1.15;0.00;2.05;2.53;-0.06;1.53;2.01
14/02/2018;PYPL;-1;;N;-1;;N;rojo;;-0.04;0.48;0.61;-0.04;0.97;0.99;1.21;-0.04;2.36;2.44;-0.20;1.91;1.99
14/02/2018;SQ;-1;;A;-1;;A;rojo;-0.24;-0.23;-0.14;0.55;-0.23;0.51;0.55;-0.25;-0.89;0.00;0.55;-0.73;0.16;0.73
14/02/2018;C;-1;;A;-1;;A;rojo;0.00;-0.25;0.10;0.32;-0.25;0.26;0.35;1.31;-0.25;1.46;1.61;-0.13;1.36;1.50
14/02/2018;JD;-1;;A;-1;;A;rojo;0.14;0.00;0.92;1.07;0.00;1.32;1.38;1.53;0.00;1.55;1.83;-0.04;0.62;0.88
14/02/2018;AAPL;1;;P;1;;P;verde;;0.00;0.21;0.50;0.00;0.78;0.82;1.26;0.00;1.80;1.87;-0.05;1.60;1.66
15/02/2018;GILD;-1;;A;-2;;A;rojo;;-0.41;-0.28;0.00;-0.51;-0.24;0.00;-0.24;-0.53;-0.49;0.00;-0.27;-0.23;0.20
15/02/2018;TWTR;-1;;A;-1;;A;rojo;;-0.33;0.00;0.35;-0.48;-0.29;0.35;-0.27;-1.01;-0.45;0.35;-1.01;-0.46;0.18
16/02/2018;FB;1;;P;1;;P;verde;-0.34;-0.16;0.16;0.32;-0.31;0.16;0.32;-0.36;-1.01;-0.61;0.32;-1.11;-0.72;0.16
16/02/2018;BABA;1;;P;1;;P;verde;-0.22;-0.21;0.15;0.43;-0.37;0.13;0.43;-0.28;-0.75;-0.72;0.43;-0.89;-0.87;0.08
16/02/2018;MSFT;1;;P;2;;P;verde;0.00;-0.07;0.06;0.31;-0.07;0.34;0.35;0.27;-0.64;-0.48;0.81;-0.69;-0.55;0.75
16/02/2018;PYPL;2;;P;2;;P;verde;0.00;-0.37;-0.37;0.05;-0.43;0.05;0.06;0.03;-0.43;0.16;0.43;-0.06;0.54;0.82
16/02/2018;C;1;;P;2;;P;verde;-0.23;-0.03;0.17;0.44;-0.03;0.28;0.44;0.18;-0.07;0.01;0.47;-0.21;-0.12;0.34
16/02/2018;GILD;-1;;A;-1;;A;rojo;0.00;-0.15;-0.09;0.33;-0.24;0.08;0.33;0.02;-0.59;-0.55;0.55;-0.53;-0.49;0.60
16/02/2018;QQQ;1;;P;1;;P;verde;-0.30;0.00;0.26;0.52;0.00;0.65;0.72;0.51;-0.36;-0.14;1.07;-0.63;-0.39;0.81
16/02/2018;MU;2;;P;2;;P;verde;;-0.08;0.25;0.42;-0.08;0.65;0.71;1.15;-0.08;0.81;1.60;-0.03;0.62;1.39
20/02/2018;NVDA;-1;;A;-1;;N;rojo;;0.00;0.68;0.75;0.00;0.68;0.91;0.93;0.00;0.69;1.13;-0.38;-0.03;0.40
20/02/2018;BABA;0;;N;-1;;N;rojo;0.00;-0.14;0.18;0.37;-0.14;0.65;0.90;1.16;-0.14;0.93;1.35;-0.03;0.75;1.17
20/02/2018;MSFT;-1;;P;-1;;N;rojo;-0.48;-0.36;0.36;0.59;-0.36;0.68;0.86;1.17;-0.36;1.13;1.43;-0.02;0.76;1.06
20/02/2018;GILD;-1;;P;-1;;P;rojo;;-0.02;0.29;0.46;-0.02;0.59;0.70;0.61;-0.02;0.37;0.89;-0.21;0.02;0.53
20/02/2018;TWTR;1;;A;0;;N;verde;-0.24;-0.10;0.62;0.80;-0.10;0.51;0.80;0.43;-0.15;0.00;0.80;-0.77;-0.63;0.07
20/02/2018;MU;-1;;N;-1;;A;rojo;;-0.12;0.64;0.72;-0.12;0.73;0.98;0.79;-0.12;0.72;1.03;-0.31;0.03;0.34
21/02/2018;FB;-1;;P;-1;;N;rojo;;-0.16;-0.07;0.24;-0.16;0.72;0.72;1.34;-0.16;0.42;1.69;0.00;0.49;1.76
21/02/2018;C;-2;;P;-1;;P;rojo;0.00;-0.01;0.68;0.69;-0.01;0.58;0.81;1.30;-0.01;0.48;1.70;-0.21;-0.18;1.03
21/02/2018;QQQ;-1;;P;-1;;N;rojo;0.57;-0.17;0.02;0.20;-0.17;0.32;0.36;0.34;-0.92;-0.92;1.13;-0.94;-0.94;1.10
22/02/2018;FB;-1;;P;-1;;P;rojo;;-0.07;0.40;0.52;-0.07;0.45;0.52;-0.39;-0.49;0.09;0.55;-0.89;-0.31;0.14
22/02/2018;MSFT;1;;A;1;;A;verde;0.43;-0.15;0.31;0.41;-0.24;0.30;0.41;-0.15;-0.55;-0.23;0.65;-0.86;-0.55;0.33
22/02/2018;PYPL;-3;;P;-1;;P;rojo;0.22;0.00;0.71;0.79;0.00;0.58;0.79;0.74;0.00;0.67;1.15;-0.51;-0.06;0.41
22/02/2018;SQ;-1;;N;-1;;P;rojo;0.25;-0.09;0.15;0.32;-0.22;-0.07;0.32;0.13;-0.27;0.41;0.48;-0.40;0.28;0.34
22/02/2018;GILD;-1;;P;-1;;N;rojo;;-0.58;-0.58;0.09;-0.85;-0.53;0.09;-0.77;-1.13;-0.89;0.09;-0.54;-0.29;0.55
22/02/2018;JD;-1;;P;-1;;P;rojo;;-0.40;-0.18;0.09;-0.47;-0.17;0.09;-0.24;-0.47;-0.04;0.09;-0.29;0.14;0.22
22/02/2018;QQQ;-2;;P;-2;;P;rojo;;-0.05;0.25;0.42;-0.25;0.28;0.42;-0.34;-0.82;-0.50;0.58;-1.06;-0.74;0.33
23/02/2018;C;-1;;P;0;;N;rojo;0.17;-0.05;0.17;0.36;-0.17;-0.17;0.36;-0.10;-0.23;0.54;0.54;-0.40;0.37;0.37
23/02/2018;GILD;-2;;P;0;;N;rojo;0.39;-0.31;-0.02;0.17;-0.46;-0.44;0.20;-0.11;-0.46;0.64;0.64;-0.46;0.64;0.64
23/02/2018;JD;1;;N;2;;P;verde;0.26;-0.34;-0.27;0.01;-0.47;-0.35;0.01;-0.37;-0.47;0.09;0.09;-0.20;0.37;0.37
23/02/2018;MU;1;;A;1;;N;verde;0.75;-0.07;0.49;0.65;-0.07;0.74;1.05;1.14;-0.07;1.18;1.39;-0.03;0.68;0.89
26/02/2018;FB;1;;P;1;;P;verde;0.51;-0.15;0.28;0.36;-0.15;0.14;0.36;-0.06;-0.53;0.11;0.36;-0.81;-0.18;0.01
26/02/2018;BABA;0;;N;3;;P;verde;0.33;-0.23;-0.15;0.08;-0.60;-0.57;0.08;-0.53;-0.95;-0.13;0.08;-0.82;0.00;0.09
26/02/2018;MSFT;2;;P;3;;P;verde;0.27;-0.04;0.26;0.35;-0.04;0.40;0.69;0.51;-0.04;0.90;0.90;-0.01;0.62;0.62
26/02/2018;JD;2;;P;1;;P;verde;0.40;-0.32;-0.20;0.00;-0.41;-0.38;0.00;-0.27;-0.50;-0.10;0.00;-0.33;0.07;0.10
26/02/2018;QQQ;1;;P;1;;P;verde;0.55;-0.07;0.39;0.50;-0.07;0.18;0.52;0.57;-0.07;0.94;0.95;-0.39;0.56;0.57
02/01/2018;GILD;-2;-2;P;0;-2;P;rojo;0.6;-0.497142857;0;0.062857143;-0.497142857;1.2;1.211428571;0.925714286;-0.497142857;1.405714286;1.52;0;1.405714286;1.52
02/01/2018;MSFT;-1;0;N;0;0;N;rojo;-1.626984127;-0.46031746;-0.023809524;0.158730159;-0.46031746;0.412698413;0.793650794;1.563492063;-0.46031746;1.246031746;1.753968254;-0.444444444;1.261904762;1.76984127
02/01/2018;AAPL;-2;-1;P;0;-2;P;rojo;0.364864865;-0.344594595;0.054054054;0.060810811;-0.344594595;0.540540541;0.560810811;0.540540541;-0.344594595;0.831081081;0.844594595;0;0.743243243;0.756756757
02/01/2018;JD;-1;1;N;-1;-1;P;rojo;0.53015873;-0.165079365;0.584126984;0.60952381;-0.165079365;0.663492063;1.034920635;0.787301587;-0.165079365;0.866666667;1.034920635;-0.044444444;0.253968254;0.419047619
02/01/2018;C;-2;-1;P;-2;-2;P;rojo;-1.529411765;-0.14379085;1.091503268;1.176470588;-0.14379085;2.176470588;2.346405229;3.405228758;-0.14379085;3.450980392;3.758169935;-0.08496732;2.274509804;2.575163399
02/01/2018;FB;-2;0;P;-1;-2;P;rojo;-1.278911565;-0.149659864;1.12244898;1.292517007;-0.149659864;2.204081633;2.401360544;3.836734694;-0.149659864;3.591836735;4.544217687;-0.102040816;2.387755102;3.333333333
03/01/2018;NVDA;2;1;P;1;1;P;verde;0.885185185;-0.055555556;0.351851852;0.577777778;-0.055555556;0.685185185;0.714814815;1.196296296;-0.055555556;1.537037037;1.737037037;-0.048148148;1.125925926;1.32962963
03/01/2018;AAPL;1;0;P;3;2;P;verde;0.135135135;-0.162162162;0.222972973;0.290540541;-0.162162162;0.567567568;0.709459459;0.256756757;-0.243243243;-0.155405405;0.763513514;-0.493243243;-0.398648649;0.52027027
03/01/2018;C;1;-1;A;1;-1;A;verde;;-0.647058824;-0.339869281;0.248366013;-1.359477124;-0.91503268;0.248366013;-0.163398693;-1.437908497;-1.026143791;0.248366013;-1.130718954;-0.705882353;0.287581699
03/01/2018;JD;1;1;P;2;2;P;verde;0.365079365;-0.317460317;-0.307936508;0.088888889;-0.384126984;-0.374603175;0.088888889;-0.146031746;-0.46984127;-0.196825397;0.088888889;-0.168253968;0.107936508;0.323809524
03/01/2018;TWTR;2;1;P;1;2;P;verde;0.191780822;-0.633561644;-0.489726027;0.010273973;-0.780821918;-0.773972603;0.010273973;-0.643835616;-0.780821918;-0.280821918;0.010273973;-0.273972603;0.229452055;0.284246575
03/01/2018;GILD;1;0;P;1;2;P;verde;;-0.634285714;-0.388571429;0.005714286;-0.634285714;-0.057142857;0.051428571;0.251428571;-0.634285714;0.331428571;0.485714286;-0.062857143;0.748571429;0.897142857
04/01/2018;NVDA;-1;2;A;0;2;A;rojo;0.562962963;-0.351851852;-0.351851852;0.392592593;-0.518518519;-0.285185185;0.392592593;-0.27037037;-0.518518519;-0.366666667;0.392592593;-0.203703704;-0.055555556;0.296296296
04/01/2018;AAPL;-1;0;P;-1;0;N;rojo;0.189189189;-0.243243243;-0.128378378;0.168918919;-0.243243243;0.182432432;0.27027027;0.027027027;-0.243243243;0.114864865;0.304054054;-0.027027027;0.243243243;0.439189189
04/01/2018;C;2;-1;N;1;0;P;verde;1.725490196;-0.137254902;0.248366013;0.418300654;-0.346405229;0.732026144;0.751633987;1.470588235;-0.346405229;1.418300654;1.699346405;-0.653594771;1.111111111;1.405228758
04/01/2018;MSFT;1;1;P;1;1;P;verde;1.896825397;-0.571428571;0.142857143;0.238095238;-0.571428571;1.301587302;1.301587302;2.174603175;-0.571428571;1.761904762;2.23015873;-0.222222222;1.619047619;2.103174603
04/01/2018;TWTR;2;1;P;0;1;N;verde;;-0.496575342;-0.417808219;0.123287671;-0.890410959;-0.753424658;0.123287671;-0.938356164;-1.116438356;-0.712328767;0.123287671;-0.695205479;-0.29109589;0.130136986
04/01/2018;MU;1;2;P;1;1;P;verde;0.762264151;-0.622641509;-0.422641509;0.086792453;-0.728301887;-0.067924528;0.086792453;0.354716981;-0.728301887;0.80754717;0.886792453;-0.286792453;1.256603774;1.328301887
05/01/2018;FB;-1;2;P;-1;1;N;rojo;0.43537415;-0.197278912;-0.06122449;0.034013605;-0.197278912;-0.006802721;0.149659864;0.129251701;-0.197278912;0.503401361;0.517006803;-0.115646259;0.544217687;0.557823129
05/01/2018;BABA;-1;2;A;-1;1;A;rojo;0.298076923;-0.139423077;0.009615385;0.048076923;-0.139423077;0.389423077;0.5;0.596153846;-0.139423077;0.947115385;0.975961538;-0.052884615;0.942307692;0.971153846
05/01/2018;PYPL;0;2;A;-1;1;A;rojo;0.24260355;0;0.556213018;0.75147929;0;0.976331361;1.088757396;1.272189349;0;1.24852071;1.467455621;-0.106508876;0.639053254;0.857988166
08/01/2018;SQ;-2;2;A;0;2;A;rojo;;-1.098901099;-0.915750916;0;-1.098901099;-0.556776557;0;0.340659341;-1.098901099;-0.256410256;0.732600733;-0.084249084;0.673992674;1.710622711
08/01/2018;JD;-1;2;A;-2;2;A;rojo;;-0.082539683;-0.06031746;0.174603175;-0.082539683;0.152380952;0.26984127;0.206349206;-0.117460317;0.253968254;0.53015873;-0.117460317;0.253968254;0.53015873
08/01/2018;AAPL;-2;2;A;-1;3;A;rojo;-0.175675676;-0.094594595;0.168918919;0.405405405;-0.094594595;0.094594595;0.405405405;0.067567568;-0.22972973;-0.054054054;0.405405405;-0.412162162;-0.236486486;0.054054054
08/01/2018;NVDA;1;2;P;1;1;P;verde;0.862962963;-0.225925926;0.425925926;0.562962963;-0.225925926;0.362962963;0.592592593;0.611111111;-0.225925926;0.296296296;0.807407407;-0.481481481;-0.125925926;0.377777778
08/01/2018;QQQ;2;2;P;3;2;P;verde;;-0.032967033;0.142857143;0.164835165;-0.032967033;0.307692308;0.307692308;0.406593407;-0.032967033;0.406593407;0.494505495;-0.175824176;0.241758242;0.318681319
08/01/2018;C;1;0;N;1;0;N;verde;-0.241830065;-0.496732026;-0.483660131;0.052287582;-0.68627451;-0.529411765;0.052287582;-0.470588235;-0.529411765;-0.496732026;0.052287582;-0.209150327;-0.052287582;0.169934641
08/01/2018;GILD;3;0;P;2;0;P;verde;-0.182857143;-0.285714286;-0.217142857;0.034285714;-0.514285714;-0.28;0.034285714;-0.194285714;-0.6;0.108571429;0.354285714;-0.428571429;0.285714286;0.52
09/01/2018;GILD;3;0;P;3;1;N;verde;0.24;-0.085714286;0.462857143;0.588571429;-0.085714286;1.028571429;1.08;2;-0.085714286;2.605714286;2.988571429;-0.085714286;2.057142857;2.474285714
09/01/2018;PYPL;3;2;P;3;1;P;verde;0.73964497;-0.946745562;-0.786982249;0.284023669;-1.082840237;-0.49112426;0.284023669;-0.284023669;-1.082840237;-0.609467456;0.284023669;-0.295857988;0.183431953;0.74556213
09/01/2018;TWTR;2;0;P;0;2;N;verde;;-0.47260274;-0.414383562;0.051369863;-0.667808219;-0.554794521;0.051369863;-0.462328767;-0.815068493;-0.684931507;0.051369863;-0.397260274;-0.273972603;0.380136986
10/01/2018;MSFT;0;2;N;2;0;P;verde;-0.436507937;0;0.158730159;0.428571429;-0.111111111;0;0.428571429;0;-0.261904762;0.103174603;0.428571429;-0.428571429;-0.063492063;0.031746032
10/01/2018;BABA;2;0;P;0;0;N;verde;-0.673076923;-0.153846154;0.134615385;0.355769231;-0.375;0.057692308;0.355769231;0.370192308;-0.375;0.4375;0.581730769;-0.509615385;0.298076923;0.447115385
10/01/2018;SQ;2;2;P;1;0;N;verde;-0.296703297;-0.395604396;-0.131868132;0.249084249;-0.490842491;-0.186813187;0.249084249;0.179487179;-0.490842491;0.267399267;0.564102564;-0.347985348;0.399267399;0.714285714
11/01/2018;GILD;-2;1;P;0;0;N;rojo;;-0.457142857;0.154285714;0.211428571;-0.457142857;-0.217142857;0.211428571;0.731428571;-0.457142857;0.382857143;0.817142857;-0.405714286;0.268571429;0.685714286
11/01/2018;AAPL;-1;0;A;-1;0;A;rojo;;0;0.304054054;0.344594595;0;0.162162162;0.344594595;0.195945946;0;0.277027027;0.344594595;-0.216216216;-0.040540541;0.033783784
11/01/2018;NVDA;1;2;P;2;0;P;verde;0.203703704;-0.2;0.148148148;0.185185185;-0.277777778;-0.125925926;0.203703704;-0.033333333;-0.277777778;-0.174074074;0.203703704;-0.455555556;-0.359259259;0.018518519
12/01/2018;TWTR;3;0;P;1;1;P;verde;0.897260274;0;0.537671233;0.952054795;0;0.97260274;1.160958904;0.76369863;0;0.602739726;1.160958904;-0.243150685;0.051369863;0.599315068
12/01/2018;FB;1;2;N;2;0;P;verde;-3.517006803;-0.244897959;0.741496599;0.829931973;-0.244897959;0.68707483;1;1.088435374;-0.244897959;0.510204082;1.292517007;-0.557823129;-0.231292517;0.537414966
12/01/2018;PYPL;1;2;P;0;1;N;verde;;-0.183431953;0.284023669;0.485207101;-0.183431953;-0.041420118;0.485207101;0.337278107;-0.183431953;0.372781065;0.603550296;-0.461538462;0.088757396;0.325443787
12/01/2018;JD;1;2;P;1;1;P;verde;;0;0.092063492;0.365079365;-0.136507937;-0.073015873;0.365079365;-0.079365079;-0.263492063;-0.206349206;0.365079365;-0.39047619;-0.326984127;0.034920635
12/01/2018;QQQ;3;2;P;3;2;P;verde;;-0.120879121;0.252747253;0.274725275;-0.120879121;0.483516484;0.483516484;0.868131868;-0.120879121;0.901098901;1.021978022;-0.142857143;0.626373626;0.758241758
12/01/2018;MSFT;3;1;P;2;0;P;verde;0.492063492;-0.134920635;0.158730159;0.206349206;-0.134920635;0.412698413;0.412698413;0.698412698;-0.134920635;0.888888889;1.023809524;-0.071428571;0.698412698;0.833333333
12/01/2018;GILD;2;2;P;2;1;P;verde;0.194285714;-0.417142857;-0.4;0;-0.417142857;-0.4;0;-0.16;-0.417142857;-0.24;0;-0.04;0.12;0.365714286
12/01/2018;SQ;1;2;P;1;1;P;verde;0.153846154;-0.498168498;-0.457875458;0;-1;-0.860805861;0;-0.992673993;-1.227106227;-1.043956044;0;-0.772893773;-0.575091575;0.054945055
16/01/2018;TWTR;-3;1;A;-2;2;A;rojo;0.25;-0.640410959;-0.523972603;0.119863014;-1.239726027;-0.739726027;0.119863014;-0.900684932;-1.45890411;-1.229452055;0.119863014;-0.97260274;-0.746575342;0.595890411
16/01/2018;MU;-3;0;P;-2;0;N;rojo;0.290566038;-0.218867925;0.143396226;0.264150943;-0.218867925;0.196226415;0.264150943;0.196226415;-0.554716981;-0.19245283;0.626415094;-0.750943396;-0.335849057;0.501886792
16/01/2018;MSFT;2;2;P;1;2;P;verde;0.587301587;-0.103174603;0.404761905;0.46031746;-0.103174603;0.158730159;0.46031746;-0.793650794;-1.69047619;-1.69047619;0.46031746;-2.079365079;-2.079365079;0.047619048
17/01/2018;TWTR;-2;0;P;-3;0;P;rojo;0.232876712;-0.613013699;-0.537671233;0.092465753;-0.613013699;-0.205479452;0.119863014;-0.70890411;-0.863013699;-0.407534247;0.119863014;-0.339041096;0.123287671;0.678082192
17/01/2018;NVDA;-1;1;N;-3;-2;P;rojo;;-0.585185185;-0.425925926;0;-0.607407407;-0.32962963;0;0.288888889;-0.585185185;0.674074074;0.744444444;-0.185185185;1.122222222;1.181481481
17/01/2018;AAPL;-2;2;P;-1;0;N;rojo;;-0.378378378;-0.202702703;0.027027027;-0.378378378;-0.297297297;0.027027027;0.047297297;-0.378378378;1.108108108;1.202702703;-0.101351351;1.344594595;1.445945946
17/01/2018;MSFT;-2;2;P;0;0;N;rojo;0.714285714;-0.079365079;0.119047619;0.222222222;-0.30952381;0.26984127;0.396825397;0.873015873;-0.30952381;0.880952381;1.023809524;-0.412698413;0.76984127;0.904761905
17/01/2018;C;-2;2;A;-3;1;A;rojo;-0.281045752;-0.189542484;-0.098039216;0.274509804;-0.516339869;-0.196078431;0.274509804;0.039215686;-0.62745098;0.509803922;0.633986928;-0.522875817;0.614379085;0.738562092
17/01/2018;SQ;-1;1;P;-1;-2;P;rojo;;-0.087912088;0.468864469;0.772893773;-0.087912088;0.168498168;0.772893773;0.56043956;-0.087912088;0.703296703;0.908424908;-0.289377289;0.263736264;0.476190476
18/01/2018;SQ;-2;1;A;-2;0;P;rojo;0.168498168;-0.175824176;0.446886447;0.791208791;-0.175824176;0.201465201;0.791208791;0.293040293;-0.175824176;0.04029304;0.791208791;-0.578754579;-0.399267399;0.32967033
18/01/2018;BABA;2;0;P;2;-1;N;verde;;0;0.129807692;0.360576923;-0.360576923;-0.076923077;0.432692308;-0.091346154;-0.360576923;0.038461538;0.432692308;-0.475961538;-0.067307692;0.326923077
18/01/2018;MU;2;0;P;1;2;P;verde;;-0.271698113;0.18490566;0.294339623;-0.271698113;0.090566038;0.305660377;-0.105660377;-0.305660377;-0.256603774;0.305660377;-0.479245283;-0.430188679;0.124528302
19/01/2018;SQ;-3;1;P;0;0;N;rojo;1.728937729;-0.311355311;-0.164835165;0.413919414;-0.446886447;-0.062271062;0.413919414;0.282051282;-0.446886447;0.282051282;0.655677656;-0.26007326;0.47985348;0.857142857
19/01/2018;FB;1;0;P;1;1;N;verde;0.394557823;0;0.360544218;0.401360544;0;0.265306122;0.56462585;0.170068027;-0.238095238;0.170068027;0.56462585;-0.62585034;-0.204081633;0.176870748
19/01/2018;MU;1;0;A;2;1;P;verde;;-0.562264151;-0.388679245;0.211320755;-0.845283019;-0.762264151;0.211320755;-0.932075472;-1.116981132;-1.052830189;0.211320755;-0.728301887;-0.675471698;0.162264151
19/01/2018;QQQ;1;2;P;1;1;P;verde;0.32967033;-0.076923077;0.098901099;0.186813187;-0.43956044;-0.175824176;0.186813187;-0.153846154;-0.505494505;0.021978022;0.186813187;-0.626373626;-0.098901099;0
19/01/2018;BABA;2;0;P;2;0;P;verde;0.245192308;-0.216346154;-0.096153846;0;-0.605769231;-0.461538462;0;-0.461538462;-0.605769231;-0.302884615;0;-0.519230769;-0.211538462;0
22/01/2018;MU;-1;0;P;0;-1;N;rojo;-0.222641509;-0.694339623;-0.267924528;0;-0.694339623;-0.098113208;0.030188679;0.124528302;-0.694339623;0.362264151;0.362264151;-0.158490566;0.641509434;0.641509434
22/01/2018;PYPL;-1;2;A;-1;1;A;rojo;;-0.514792899;-0.301775148;0;-0.514792899;-0.088757396;0;-0.24852071;-0.514792899;-0.017751479;0.165680473;-0.165680473;0.236686391;0.420118343
22/01/2018;C;1;2;P;1;2;P;verde;;0;0.08496732;0.176470588;0;0.31372549;0.549019608;0.032679739;-0.137254902;0.300653595;0.549019608;-0.241830065;0.202614379;0.45751634
22/01/2018;NVDA;1;1;P;3;1;P;verde;;-0.362962963;-0.17037037;0.02962963;-0.362962963;-0.025925926;0.055555556;0.362962963;-0.362962963;0.518518519;0.518518519;-0.166666667;0.622222222;0.622222222
23/01/2018;SQ;-1;2;A;0;2;A;rojo;-0.19047619;-0.534798535;-0.443223443;0;-1.263736264;-0.787545788;0;0.102564103;-1.263736264;-0.036630037;0.483516484;-0.835164835;0.395604396;0.926739927
23/01/2018;BABA;2;0;P;1;0;N;verde;0.4375;-0.490384615;0.600961538;0.663461538;-0.490384615;0.951923077;1.125;1.485576923;-0.490384615;1.735576923;1.769230769;-0.365384615;1.110576923;1.149038462
23/01/2018;MSFT;1;2;P;2;2;P;verde;0.246031746;-0.111111111;-0.103174603;0.341269841;-0.301587302;0.047619048;0.341269841;-0.150793651;-0.301587302;-0.007936508;0.341269841;-0.198412698;0.103174603;0.333333333
23/01/2018;QQQ;1;2;P;2;2;P;verde;0.32967033;-0.043956044;0.186813187;0.252747253;-0.043956044;0.406593407;0.450549451;0.450549451;-0.043956044;0.549450549;0.67032967;-0.175824176;0.373626374;0.483516484
23/01/2018;NVDA;3;1;P;2;1;P;verde;0.374074074;-0.118518519;0.051851852;0.166666667;-0.118518519;0.266666667;0.296296296;0.462962963;-0.118518519;0.459259259;0.581481481;-0.02962963;0.425925926;0.555555556
23/01/2018;MU;2;-1;P;1;-1;N;verde;0.286792453;-0.320754717;-0.313207547;0.037735849;-0.403773585;-0.037735849;0.045283019;0.98490566;-0.403773585;0.630188679;1.267924528;-0.101886792;0.958490566;1.558490566
24/01/2018;GILD;-1;1;N;-1;-1;N;rojo;0.205714286;0;0.422857143;0.445714286;0;0.131428571;0.582857143;-0.131428571;-0.428571429;0.034285714;0.582857143;-0.84;-0.377142857;0.165714286
24/01/2018;BABA;1;1;P;2;2;A;verde;0.610576923;-0.192307692;0.451923077;0.5;-0.192307692;0.860576923;0.966346154;-0.307692308;-0.557692308;0.201923077;1.019230769;-0.990384615;-0.245192308;0.567307692
24/01/2018;SQ;1;2;P;0;1;N;verde;0.186813187;-0.120879121;0.179487179;0.461538462;-0.333333333;-0.282051282;0.461538462;-1.194139194;-1.761904762;-0.769230769;0.461538462;-1.915750916;-0.904761905;0.029304029
25/01/2018;GILD;-1;1;A;-1;0;A;rojo;0.16;-0.4;-0.205714286;0.194285714;-0.445714286;-0.222857143;0.194285714;0;-0.445714286;-0.228571429;0.194285714;-0.251428571;-0.028571429;0.228571429
25/01/2018;MSFT;-2;2;P;-1;0;N;rojo;0.619047619;-0.301587302;-0.071428571;0.103174603;-0.523809524;-0.174603175;0.103174603;0.158730159;-0.523809524;-0.19047619;0.587301587;-0.444444444;-0.119047619;0.666666667
25/01/2018;BABA;-1;2;A;0;1;A;rojo;;0;0.3125;0.610576923;-0.471153846;-0.120192308;0.610576923;0.625;-0.471153846;0.557692308;0.855769231;-0.75;0.269230769;0.572115385
25/01/2018;NVDA;1;1;A;2;0;P;verde;0.251851852;0;0.122222222;0.307407407;-0.292592593;0.037037037;0.307407407;-0.051851852;-0.292592593;-0.17037037;0.307407407;-0.433333333;-0.359259259;0.066666667
25/01/2018;AAPL;1;0;A;0;-2;A;verde;;-0.25;0.033783784;0.202702703;-0.831081081;-0.628378378;0.202702703;-0.662162162;-1.5;-1.304054054;0.202702703;-1.533783784;-1.310810811;0.040540541
26/01/2018;PYPL;-1;1;N;-1;0;N;rojo;0.526627219;-0.207100592;-0.088757396;0.230769231;-0.207100592;0.343195266;0.573964497;0.816568047;-0.207100592;0.75739645;0.970414201;-0.047337278;0.857988166;1.165680473
26/01/2018;JD;1;1;N;1;1;P;verde;0.587301587;0;0.86031746;1.063492063;0;1.571428571;1.815873016;1.688888889;0;1.615873016;2.022222222;0;0.742857143;1.13968254
26/01/2018;SQ;2;1;P;3;1;P;verde;0.494505495;-0.201465201;0.336996337;0.509157509;-0.201465201;0.208791209;0.509157509;1.131868132;-0.201465201;1.476190476;1.549450549;-0.318681319;1.172161172;1.245421245
30/01/2018;TWTR;-1;1;A;-2;1;A;rojo;0.20890411;-1.109589041;-1.065068493;0.198630137;-1.359589041;-1.191780822;0.198630137;-1.753424658;-1.931506849;-1.773972603;0.198630137;-0.914383562;-0.743150685;0.20890411
30/01/2018;C;-1;2;P;-1;0;N;rojo;;-0.045751634;0.261437908;0.300653595;-0.31372549;-0.130718954;0.352941176;-0.215686275;-0.594771242;-0.522875817;0.352941176;-0.823529412;-0.758169935;0.111111111
30/01/2018;GILD;-1;2;A;0;2;A;rojo;;0;0.662857143;0.714285714;0;1.057142857;1.337142857;1.377142857;0;1.274285714;1.594285714;0;0.645714286;0.965714286
30/01/2018;MU;2;0;P;1;0;P;verde;0.18490566;-0.867924528;-0.781132075;0.709433962;-0.867924528;-0.4;0.709433962;-0.622641509;-0.996226415;-0.860377358;0.709433962;-0.18490566;-0.041509434;0.467924528
30/01/2018;NVDA;1;2;P;1;1;P;verde;-0.481481481;-0.322222222;-0.311111111;0.525925926;-0.462962963;0.133333333;0.525925926;-1.174074074;-1.392592593;-1.244444444;0.525925926;-1.085185185;-0.937037037;0.492592593
30/01/2018;AAPL;1;-2;A;0;-1;A;verde;;-0.121621622;0.344594595;0.385135135;-0.121621622;0.324324324;0.817567568;-0.081081081;-0.918918919;-0.682432432;0.385135135;-1.236486486;-1.02027027;0.466216216
31/01/2018;MU;-1;-1;P;0;-2;N;rojo;0.966037736;-0.381132075;-0.245283019;0.38490566;-0.498113208;-0.143396226;0.38490566;-0.539622642;-0.720754717;-0.086792453;0.38490566;-0.501886792;0.135849057;0.626415094
31/01/2018;C;-1;1;P;-3;-1;P;rojo;;-0.248366013;-0.176470588;0.032679739;-0.346405229;-0.333333333;0.032679739;0.326797386;-0.379084967;0.882352941;1.411764706;-0.215686275;1.045751634;1.568627451
31/01/2018;TWTR;-2;2;A;-1;1;A;rojo;0.455479452;-0.239726027;-0.202054795;0.356164384;-0.376712329;-0.270547945;0.356164384;-0.386986301;-0.664383562;0.20890411;0.356164384;-0.506849315;0.352739726;0.376712329
31/01/2018;SQ;2;1;P;2;0;P;verde;1.315018315;-0.626373626;-0.626373626;0.216117216;-1.021978022;-0.377289377;0.216117216;-0.714285714;-1.172161172;0.289377289;0.289377289;-0.567765568;0.912087912;0.912087912
24/05/2019;AAPL;3;;A;2;;A;verde;0.13;-0.01;0.34;0.34;-0.01;0.06;0.38;-0.22;-0.34;-0.25;0.38;-0.68;-0.60;0.03
24/05/2019;C;2;;A;2;;A;verde;0.30;-0.08;0.08;0.21;-0.17;-0.17;0.21;0.12;-0.19;0.02;0.21;-0.26;-0.06;0.09
24/05/2019;GM;1;;P;0;;N;verde;0.25;-0.37;-0.32;0.01;-0.37;-0.37;0.01;-0.32;-0.50;-0.23;0.01;-0.23;0.03;0.16
24/05/2019;JPM;3;;A;2;;N;verde;0.41;-0.11;-0.02;0.03;-0.16;-0.12;0.03;0.09;-0.16;0.10;0.18;-0.14;0.12;0.20
24/05/2019;MSFT;1;;P;1;;P;verde;0.26;-0.06;0.12;0.16;-0.16;-0.16;0.16;-0.09;-0.33;-0.25;0.16;-0.46;-0.38;0.00
24/05/2019;MU;1;;A;1;;A;verde;0.21;-0.32;-0.19;0.15;-0.35;-0.24;0.15;-0.11;-0.35;-0.10;0.15;-0.19;0.06;0.18
24/05/2019;PYPL;1;;A;3;;A;verde;0.35;-0.12;0.03;0.11;-0.14;-0.14;0.11;-0.29;-0.51;-0.38;0.11;-0.54;-0.42;0.04
24/05/2019;V;0;;A;3;;P;verde;0.40;-0.10;0.01;0.14;-0.12;-0.12;0.14;-0.18;-0.35;-0.07;0.14;-0.39;-0.12;0.02
28/05/2019;FB;-1;;N;-2;;P;rojo;0.10;0.00;0.28;0.34;0.00;0.36;0.60;0.51;0.00;0.50;0.60;-0.06;0.19;0.28
28/05/2019;GILD;1;;A;1;;N;verde;-0.89;-0.25;0.05;0.28;-0.25;-0.19;0.28;-0.30;-0.76;-0.76;0.28;-0.84;-0.84;0.04
28/05/2019;TSLA;1;;A;0;;N;verde;0.06;-0.03;0.32;0.40;-0.32;-0.20;0.40;-0.01;-0.32;-0.24;0.40;-0.63;-0.56;0.00
28/05/2019;TWTR;-2;;P;-1;;P;rojo;0.06;0.00;0.21;0.26;0.00;0.08;0.34;0.05;-0.16;0.12;0.34;-0.39;-0.34;0.11
29/05/2019;MSFT;-1;;N;-2;;P;rojo;-0.24;-0.25;-0.18;0.00;-0.32;0.00;0.02;-0.12;-0.45;-0.14;0.02;-0.28;0.03;0.19
29/05/2019;NVDA;-1;;P;-1;;P;rojo;-0.28;-0.19;-0.04;0.00;-0.19;0.19;0.19;0.02;-0.31;-0.12;0.22;-0.27;-0.08;0.26
29/05/2019;QCOM;-1;;P;-1;;P;rojo;-0.01;-0.34;-0.23;0.31;-0.34;0.08;0.31;0.31;-0.34;0.24;0.46;-0.12;0.45;0.68
29/05/2019;TWTR;-1;;P;-3;;P;rojo;-0.20;-0.17;-0.01;0.08;-0.17;0.21;0.25;-0.16;-0.31;-0.12;0.25;-0.32;-0.13;0.24
30/05/2019;C;2;;P;3;;P;verde;0.65;-0.17;-0.13;0.27;-0.23;-0.23;0.27;-0.41;-0.91;-0.70;0.27;-0.77;-0.55;0.21
30/05/2019;GILD;1;;P;1;;N;verde;0.08;-0.10;0.05;0.07;-0.18;-0.08;0.09;-0.13;-0.40;-0.08;0.09;-0.45;-0.14;0.04
30/05/2019;GM;3;;P;1;;N;verde;0.10;0.00;0.17;0.19;-0.16;-0.16;0.22;-0.04;-0.41;-0.04;0.22;-0.57;-0.19;0.07
30/05/2019;PYPL;1;;P;1;;P;verde;0.19;-0.17;-0.07;0.00;-0.17;0.21;0.25;0.28;-0.17;0.27;0.32;0.00;0.32;0.37
30/05/2019;V;0;;P;2;;P;verde;0.06;-0.09;0.00;0.13;-0.10;0.07;0.13;-0.05;-0.27;-0.03;0.19;-0.26;-0.02;0.19
05/06/2019;AAPL;1;;P;2;;P;verde;0.92;-0.30;-0.30;0.14;-0.39;-0.37;0.14;-0.38;-0.61;-0.35;0.14;-0.33;-0.05;0.34
05/06/2019;GM;0;;P;2;;P;verde;0.25;-0.49;-0.40;0.06;-0.65;-0.33;0.06;0.03;-0.65;-0.16;0.16;-0.25;0.25;0.56
05/06/2019;MSFT;1;;P;3;;P;verde;0.64;-0.10;-0.02;0.13;-0.12;-0.08;0.22;-0.03;-0.27;0.29;0.29;-0.27;0.29;0.29
05/06/2019;PYPL;0;;P;2;;P;verde;0.47;-0.04;-0.04;0.24;-0.21;-0.08;0.24;0.13;-0.21;0.24;0.28;-0.17;0.28;0.32
05/06/2019;V;2;;P;3;;P;verde;0.45;-0.09;-0.05;0.21;-0.21;-0.12;0.21;0.17;-0.28;0.51;0.51;-0.22;0.56;0.56
06/06/2019;AAPL;1;;A;2;;P;verde;0.11;-0.10;-0.02;0.17;-0.17;-0.14;0.17;0.06;-0.18;0.43;0.48;-0.17;0.44;0.49
06/06/2019;C;3;;P;1;;P;verde;0.06;-0.13;0.25;0.27;-0.23;-0.23;0.27;0.08;-0.23;0.35;0.53;-0.49;0.08;0.26
06/06/2019;GM;2;;P;2;;P;verde;-0.82;-0.08;0.20;0.28;-0.16;-0.16;0.28;-0.29;-0.66;0.13;0.36;-0.85;-0.06;0.16
06/06/2019;JPM;2;;P;3;;P;verde;-0.07;-0.23;-0.01;0.02;-0.45;-0.44;0.02;0.00;-0.47;0.19;0.38;-0.47;0.19;0.38
06/06/2019;PYPL;0;;P;1;;P;verde;0.09;-0.05;0.00;0.28;-0.14;-0.09;0.28;0.04;-0.26;0.26;0.36;-0.21;0.31;0.40
06/06/2019;TWTR;0;;N;3;;P;verde;-0.02;-0.16;-0.14;0.04;-0.21;-0.09;0.04;0.16;-0.21;0.20;0.30;-0.05;0.36;0.46
07/06/2019;GILD;1;;A;1;;A;verde;0.22;-0.28;-0.23;0.09;-0.37;-0.08;0.09;0.76;-0.37;0.74;0.89;-0.15;0.96;1.12
07/06/2019;GM;2;;P;0;;N;verde;0.14;-0.11;-0.08;0.13;-0.16;0.06;0.17;0.10;-0.16;0.19;0.25;-0.09;0.27;0.32
07/06/2019;TSLA;-2;;P;-2;;P;rojo;-0.12;0.00;0.31;0.37;0.00;0.49;0.55;0.25;-0.12;-0.03;0.58;-0.44;-0.36;0.24
11/06/2019;JPM;-1;;P;-1;;P;rojo;0.23;-0.11;0.19;0.19;-0.11;0.22;0.32;-0.15;-0.20;-0.06;0.32;-0.38;-0.24;0.14
11/06/2019;MU;-1;;P;-2;;P;rojo;0.56;-0.26;-0.13;0.11;-0.29;-0.20;0.11;-0.56;-0.67;-0.62;0.11;-0.52;-0.48;0.06
11/06/2019;TSLA;-1;;P;-1;;N;rojo;0.59;-0.23;-0.15;0.15;-0.31;-0.20;0.15;-0.44;-0.51;-0.19;0.15;-0.36;-0.04;0.27
11/06/2019;TWTR;-1;;P;-2;;N;rojo;0.28;-0.36;-0.23;0.11;-0.41;-0.30;0.11;-0.67;-0.77;-0.56;0.11;-0.55;-0.34;0.09
12/06/2019;GILD;-2;;P;-1;;N;rojo;0.15;0.00;0.33;0.41;0.00;0.49;0.50;0.55;0.00;0.23;0.62;-0.20;-0.09;0.29
12/06/2019;GM;-2;;P;-1;;P;rojo;-0.06;-0.16;-0.12;0.06;-0.35;-0.34;0.06;-0.41;-0.60;-0.51;0.06;-0.48;-0.39;0.00
12/06/2019;JPM;-1;;P;-1;;N;rojo;0.07;-0.37;-0.24;0.01;-0.51;-0.50;0.01;-0.76;-0.86;-0.68;0.01;-0.62;-0.45;0.01
13/06/2019;GM;1;;A;0;;N;verde;-0.02;-0.24;0.14;0.17;-0.24;0.15;0.32;0.30;-0.24;0.41;0.43;-0.18;0.22;0.25
13/06/2019;PYPL;3;;P;0;;N;verde;0.15;-0.10;-0.06;0.09;-0.10;0.08;0.17;0.14;-0.10;0.26;0.30;-0.04;0.32;0.35
13/06/2019;TSLA;0;;P;-2;;P;rojo;0.10;-0.23;0.13;0.19;-0.23;0.30;0.43;0.14;-0.23;0.34;0.43;-0.07;0.21;0.30
13/06/2019;V;2;;P;2;;P;verde;0.16;-0.49;-0.42;0.00;-0.50;-0.49;0.00;-0.62;-0.97;-0.79;0.00;-0.53;-0.36;0.08
14/06/2019;AAPL;-3;;P;0;;N;rojo;-0.60;-0.23;-0.11;0.10;-0.23;0.03;0.10;0.21;-0.23;0.25;0.39;-0.10;0.35;0.49
14/06/2019;FB;1;;P;3;;P;verde;0.58;-0.03;0.07;0.27;-0.08;0.00;0.27;0.01;-0.08;0.19;0.27;-0.13;0.13;0.20
14/06/2019;PYPL;3;;P;1;;P;verde;0.07;-0.21;-0.21;0.00;-0.21;0.00;0.14;0.09;-0.21;0.08;0.27;0.00;0.27;0.46
17/06/2019;GILD;-2;;P;0;;N;rojo;0.06;-0.20;0.08;0.12;-0.20;0.42;0.42;0.41;-0.20;0.36;0.55;0.00;0.29;0.48
17/06/2019;MSFT;-2;;P;-1;;P;rojo;0.06;-0.03;0.24;0.26;-0.03;0.15;0.35;0.15;-0.03;0.07;0.35;-0.27;-0.17;0.10
18/06/2019;FB;-1;;A;0;;A;rojo;0.93;-0.64;-0.21;0.08;-0.64;-0.42;0.08;-1.02;-1.22;-1.02;0.08;-1.01;-0.80;0.08
18/06/2019;GILD;1;;P;3;;P;verde;0.33;-0.17;0.28;0.39;-0.17;0.16;0.39;0.64;-0.17;0.29;0.68;-0.23;0.02;0.41
18/06/2019;MSFT;-2;;P;0;;N;rojo;0.43;-0.19;0.16;0.26;-0.19;0.14;0.31;0.11;-0.19;0.33;0.34;-0.16;0.16;0.17
18/06/2019;MU;1;;A;1;;A;verde;0.36;-0.02;0.42;0.47;-0.02;0.85;0.89;0.89;-0.02;0.95;1.33;-0.02;0.49;0.87
19/06/2019;C;1;;P;1;;P;verde;0.05;0.00;0.22;0.28;-0.07;-0.03;0.28;0.05;-0.29;-0.29;0.28;-0.51;-0.51;0.00
19/06/2019;GILD;-2;;P;0;;N;rojo;-0.10;-0.03;0.02;0.20;-0.07;0.02;0.20;-0.18;-0.20;0.14;0.20;-0.25;0.09;0.13
19/06/2019;GM;3;;P;2;;P;verde;0.32;-0.19;-0.02;0.03;-0.19;0.35;0.46;0.18;-0.27;-0.23;0.46;-0.27;-0.23;0.46
19/06/2019;JPM;-1;;A;-1;;N;rojo;0.02;-0.01;0.26;0.30;-0.01;0.22;0.35;0.05;-0.47;-0.40;0.35;-0.73;-0.65;0.09
19/06/2019;MSFT;3;;P;2;;P;verde;-0.07;-0.25;-0.19;0.10;-0.29;-0.22;0.10;-0.29;-0.38;0.20;0.29;-0.19;0.40;0.49
19/06/2019;PYPL;-3;;P;-3;;P;rojo;0.04;-0.12;0.03;0.14;-0.12;0.04;0.14;-0.21;-0.26;0.37;0.43;-0.30;0.34;0.39
19/06/2019;TSLA;-2;;P;-2;;P;rojo;0.02;-0.29;-0.23;0.08;-0.32;0.05;0.24;0.04;-0.32;0.12;0.24;-0.08;0.37;0.48
19/06/2019;TWTR;-2;;P;-3;;P;rojo;-0.01;-0.46;-0.46;0.01;-0.52;-0.41;0.01;-0.40;-0.53;-0.21;0.01;-0.09;0.24;0.40
19/06/2019;V;1;;P;1;;A;verde;0.00;0.00;0.12;0.21;0.00;0.23;0.39;0.20;0.00;0.43;0.56;-0.01;0.31;0.44
20/06/2019;C;-2;;P;-3;;P;rojo;0.62;-0.50;-0.49;0.05;-0.66;-0.46;0.05;-0.53;-0.80;-0.30;0.05;-0.32;0.20;0.32
20/06/2019;FB;1;;P;1;;N;verde;0.66;-0.46;-0.40;0.01;-0.46;-0.41;0.01;-0.51;-0.60;-0.29;0.01;-0.21;0.10;0.21
20/06/2019;GILD;2;;P;2;;P;verde;0.30;-0.04;0.05;0.25;-0.07;-0.05;0.27;-0.25;-0.61;-0.13;0.27;-0.69;-0.22;0.19
20/06/2019;GM;-3;;P;-2;;P;rojo;0.45;-0.41;-0.35;0.09;-0.65;-0.49;0.09;-0.56;-0.75;-0.25;0.09;-0.41;0.08;0.08
20/06/2019;MSFT;3;;P;1;;P;verde;0.59;-0.15;0.00;0.06;-0.26;-0.26;0.06;-0.49;-0.55;-0.20;0.06;-0.55;-0.20;0.03
20/06/2019;NVDA;2;;P;1;;P;verde;0.48;-0.23;-0.23;0.05;-0.25;-0.17;0.05;-0.34;-0.41;-0.34;0.05;-0.22;-0.15;0.21
20/06/2019;PYPL;2;;P;0;;N;verde;0.60;-0.02;0.21;0.29;-0.02;0.11;0.32;-0.11;-0.36;-0.05;0.32;-0.57;-0.26;0.11
20/06/2019;TWTR;2;;P;1;;N;verde;0.03;-0.32;-0.21;0.20;-0.32;-0.21;0.20;-0.52;-0.67;-0.60;0.20;-0.47;-0.40;0.39
25/06/2019;AAPL;-3;;P;-3;;P;rojo;0.00;-0.03;0.05;0.13;-0.16;-0.06;0.13;-0.25;-0.59;-0.55;0.13;-0.62;-0.59;0.04
25/06/2019;C;-2;;P;-2;;P;rojo;0.02;-0.43;-0.32;0.00;-0.51;-0.40;0.00;-0.24;-0.57;-0.54;0.00;-0.26;-0.24;0.17
25/06/2019;GILD;0;;N;-2;;P;rojo;-0.08;-0.04;0.17;0.38;-0.04;0.68;0.70;-0.17;-0.31;-0.12;0.70;-0.50;-0.31;0.50
25/06/2019;JPM;-3;;P;-2;;P;rojo;0.00;-0.44;-0.26;0.03;-0.44;-0.20;0.03;0.08;-0.44;-0.40;0.14;-0.17;-0.16;0.39
25/06/2019;TSLA;-2;;A;-1;;A;rojo;0.09;-0.20;-0.12;0.03;-0.28;-0.24;0.03;-0.39;-0.46;-0.44;0.03;-0.36;-0.35;0.04
26/06/2019;AAPL;-3;;P;0;;P;rojo;0.43;-0.09;0.41;0.42;-0.09;0.44;0.58;0.47;-0.09;0.36;0.58;-0.14;-0.04;0.18
26/06/2019;FB;1;;A;1;;A;verde;0.13;-0.15;-0.01;0.15;-0.17;0.14;0.15;-0.20;-0.41;-0.36;0.22;-0.40;-0.35;0.23
26/06/2019;GILD;-3;;P;0;;P;rojo;0.00;-0.29;-0.29;0.00;-0.73;-0.73;0.00;-0.44;-1.05;-1.00;0.00;-0.75;-0.71;0.00
26/06/2019;GM;3;;P;0;;P;verde;0.12;-0.08;0.37;0.38;-0.08;0.60;0.68;0.58;-0.08;0.34;0.70;-0.14;-0.03;0.33
26/06/2019;MSFT;1;;A;1;;A;verde;0.29;0.00;0.32;0.45;0.00;0.17;0.45;0.12;-0.24;-0.14;0.45;-0.56;-0.46;0.07
27/06/2019;MSFT;-2;;P;-2;;P;rojo;0.07;-0.21;-0.03;0.18;-0.21;0.04;0.18;-0.05;-0.21;0.00;0.18;-0.14;0.04;0.17
27/06/2019;MU;-1;;A;0;;N;rojo;-0.12;-0.21;0.16;0.27;-0.21;0.57;0.59;0.69;-0.21;0.73;0.89;-0.04;0.58;0.73
27/06/2019;NVDA;-1;;A;-1;;N;rojo;0.40;-0.16;0.05;0.08;-0.16;0.07;0.17;0.03;-0.16;0.08;0.17;-0.19;0.03;0.12
27/06/2019;PYPL;1;;A;1;;A;verde;0.16;-0.27;-0.08;0.08;-0.28;-0.26;0.08;-0.46;-0.52;-0.32;0.08;-0.45;-0.25;0.02
27/06/2019;TSLA;-3;;P;0;;N;rojo;0.01;-0.15;-0.13;0.08;-0.18;0.11;0.17;0.06;-0.18;0.30;0.31;-0.05;0.43;0.44
27/06/2019;V;-2;;P;-1;;P;rojo;0.31;-0.30;-0.22;0.05;-0.31;-0.28;0.05;-0.36;-0.50;-0.29;0.05;-0.29;-0.06;0.07
28/06/2019;AAPL;-1;;P;-3;;P;rojo;-0.19;-0.11;-0.07;0.14;-0.30;-0.15;0.14;0.03;-0.30;-0.14;0.14;-0.23;-0.07;0.20
28/06/2019;FB;2;;A;1;;P;verde;0.20;-0.07;-0.05;0.09;-0.12;-0.06;0.09;0.26;-0.12;0.44;0.48;-0.08;0.48;0.52
28/06/2019;GM;-1;;P;-2;;P;rojo;0.03;0.00;0.22;0.36;0.00;0.15;0.36;0.43;0.00;0.17;0.56;-0.13;-0.01;0.37
28/06/2019;JPM;-2;;P;0;;N;rojo;1.01;0.00;0.35;0.61;0.00;0.02;0.61;0.31;-0.06;0.33;0.61;-0.41;-0.02;0.14
28/06/2019;MSFT;-2;;P;-3;;P;rojo;0.13;-0.32;-0.26;0.00;-0.39;-0.28;0.00;-0.29;-0.45;-0.21;0.00;-0.22;0.03;0.12
28/06/2019;PYPL;2;;A;1;;A;verde;0.20;-0.23;-0.19;0.00;-0.30;0.02;0.06;-0.08;-0.30;0.08;0.12;-0.16;0.22;0.26
28/06/2019;V;1;;A;1;;A;verde;0.24;-0.26;-0.24;0.00;-0.40;-0.35;0.00;-0.09;-0.40;0.20;0.28;-0.17;0.43;0.50
01/07/2019;FB;1;;P;1;;P;verde;0.38;-0.28;-0.18;0.00;-0.28;-0.21;0.00;-0.49;-0.57;-0.38;0.00;-0.41;-0.22;0.16
01/07/2019;MSFT;2;;P;1;;P;verde;0.89;-0.22;-0.20;0.00;-0.31;-0.25;0.00;-0.39;-0.54;-0.32;0.00;-0.33;-0.11;0.09
01/07/2019;PYPL;3;;P;3;;P;verde;0.69;-0.36;-0.26;0.07;-0.54;-0.54;0.07;-0.44;-0.72;-0.50;0.07;-0.46;-0.24;0.02
01/07/2019;TSLA;-1;;P;-1;;P;rojo;0.63;-0.19;-0.01;0.08;-0.19;-0.10;0.22;-0.26;-0.36;-0.30;0.22;-0.28;-0.22;0.30
01/07/2019;TWTR;1;;P;1;;P;verde;0.42;-0.18;0.00;0.05;-0.18;0.07;0.29;0.36;-0.18;0.40;0.51;-0.08;0.39;0.49
01/07/2019;V;3;;P;2;;P;verde;0.78;-0.39;-0.36;0.03;-0.66;-0.66;0.03;-0.59;-0.73;-0.42;0.03;-0.34;-0.03;0.00
02/07/2019;FB;1;;A;0;;N;verde;0.00;-0.02;0.16;0.27;-0.02;0.25;0.28;0.15;-0.02;0.37;0.37;-0.16;0.20;0.20
02/07/2019;GM;2;;P;3;;P;verde;-0.13;-0.11;-0.01;0.10;-0.11;0.06;0.10;-0.33;-0.46;-0.29;0.12;-0.43;-0.25;0.15
02/07/2019;MSFT;2;;A;1;;N;verde;0.11;-0.21;-0.04;0.00;-0.21;-0.04;0.00;-0.01;-0.21;0.17;0.18;-0.10;0.21;0.21
02/07/2019;PYPL;1;;A;3;;P;verde;0.05;-0.18;0.14;0.18;-0.18;0.09;0.18;0.18;-0.18;0.34;0.34;-0.17;0.21;0.21
02/07/2019;TSLA;-2;;P;-3;;P;rojo;0.18;-0.25;-0.25;0.00;-0.48;-0.37;0.00;-0.48;-0.59;-0.39;0.00;-0.34;-0.14;0.00
02/07/2019;TWTR;1;;P;1;;P;verde;0.05;-0.12;0.19;0.27;-0.12;0.04;0.27;-0.08;-0.19;0.03;0.27;-0.39;-0.18;0.00
02/07/2019;V;3;;P;3;;P;verde;0.05;-0.09;-0.05;0.05;-0.22;0.02;0.05;0.02;-0.22;0.33;0.33;-0.16;0.39;0.39
03/07/2019;FB;1;;P;3;;P;verde;-0.14;0.00;0.25;0.26;0.00;0.45;0.50;0.47;0.00;0.53;0.57;-0.01;0.28;0.32
03/07/2019;GILD;2;;P;3;;P;verde;0.10;-0.24;-0.17;0.00;-0.39;-0.24;0.00;-0.11;-0.39;-0.02;0.00;-0.23;0.13;0.13
03/07/2019;MSFT;3;;P;3;;P;verde;0.07;-0.16;-0.08;0.06;-0.16;0.10;0.11;0.18;-0.16;0.21;0.29;0.00;0.29;0.38
03/07/2019;PYPL;3;;P;2;;P;verde;0.23;-0.14;-0.07;0.00;-0.26;-0.15;0.00;0.14;-0.26;0.27;0.28;-0.23;0.31;0.32
05/07/2019;FB;1;;P;2;;P;verde;-0.20;-0.22;-0.02;0.07;-0.33;-0.29;0.07;-0.01;-0.33;0.08;0.18;-0.30;0.11;0.21
05/07/2019;GILD;3;;P;1;;P;verde;-0.11;-0.13;-0.11;0.12;-0.13;0.08;0.15;-0.07;-0.25;-0.15;0.29;-0.17;-0.07;0.37
05/07/2019;GM;1;;A;2;;P;verde;-0.19;-0.22;0.14;0.21;-0.22;0.06;0.43;0.47;-0.22;0.51;0.53;-0.10;0.37;0.40
05/07/2019;MU;2;;P;2;;P;verde;-0.31;-0.14;0.09;0.19;-0.14;-0.08;0.29;0.12;-0.14;0.22;0.29;-0.21;0.12;0.19
05/07/2019;NVDA;2;;P;0;;N;verde;-0.28;-0.22;-0.16;0.01;-0.28;-0.23;0.01;-0.06;-0.32;-0.01;0.02;-0.18;0.14;0.17
05/07/2019;PYPL;3;;P;0;;P;verde;-0.37;-0.22;-0.14;0.03;-0.61;-0.41;0.03;-0.07;-0.61;0.20;0.28;-0.51;0.30;0.39
05/07/2019;V;1;;P;2;;P;verde;-0.46;-0.07;-0.02;0.12;-0.18;0.00;0.12;0.28;-0.18;0.42;0.50;-0.17;0.45;0.52
